baseline_target_stock,average_discounted_cost,improvement_vs_optimal
1,930.5467874284591,7.188321702941194
2,876.9470625570025,1.5155956810587359
3,861.1060594831301,-0.2961344006936373
4,871.5679556456591,0.9077737246639495
5,911.9506118565474,5.2957386591925655
6,974.3442179181874,11.360269310467075
7,1068.2967967015845,19.155791403821954
8,1186.9680531281087,27.23847213278762
9,1331.977293336268,35.15984881480406
10,1504.9412759730183,42.611973999229896
