baseline_target_stock,average_cost,improvement_vs_optimal
1,46.39156,6.004389591555019
2,44.36695,1.7150604222287216
3,43.69523,0.20414127583263728
4,44.52103,2.055208516065343
5,46.79627,6.817295481028729
6,50.5341,13.709693058746481
7,55.71962,21.74025953515118
8,62.38208,30.098467380375908
9,70.42833,38.08453217618536
10,80.00857,45.49830099450597
